researcher_ID,researcher_firstname,researcher_lastname,birthday,gender,organization_abbreviation,organization_date_begining_relationship
68,Fanchon,McGarrell,1991/09/19,Female,RCOJXP,2021/05/30
54,Guss,Johnys,1990/05/18,Male,ZZNPNJ,2021/09/03
46,Daloris,Cornels,2000/05/28,Female,YQGMYO,2019/11/02
98,Marja,Brimming,1981/03/09,Female,SUDXLJ,2021/06/17
29,Jolene,Danbury,1967/05/16,Female,BBKUOF,2021/10/15
66,Jermayne,McGahern,2000/05/30,Male,ERXHXW,2017/09/12
11,Francklyn,Vurley,1972/09/13,Male,RZKWEZ,2018/01/11
8,Bonnibelle,Vuitton,1981/02/26,Female,ZZLZVO,2020/06/01
22,Dorine,Jerdon,1986/04/05,Female,JPVZJU,2020/03/24
3,Gunter,Melloy,1991/02/22,Male,BAIWSZ,2019/07/09
79,Chris,Pedrozzi,1975/01/06,Female,URXMIY,2021/07/22
6,Shay,Gladwish,1985/06/03,Male,FXLJBS,2022/04/19
27,Eugen,Sneller,1995/01/19,Male,AUYEGV,2019/10/20
57,Lidia,Stonestreet,1978/03/08,Female,OUEGSW,2020/03/27
37,Collin,Klaffs,1979/02/09,Male,FXKXUB,2019/05/09
82,Bevan,Sacchetti,1966/05/24,Male,YDDNMY,2020/06/30
88,Currey,Benettini,1990/03/28,Male,YSNQLY,2018/05/10
43,Burgess,Yuryaev,1997/06/18,Male,JPXNYK,2018/04/22
8,Nichol,Bartoleyn,1971/10/27,Female,FQRRLP,2018/01/08
12,Gunner,Beckers,1974/05/08,Male,LTMCJM,2018/04/16
14,Hamish,Wittke,1994/03/30,Male,KTSFVZ,2022/01/08
50,Avictor,Curado,1967/04/10,Male,ITLTLA,2020/07/02
78,Ranna,Littlechild,2000/02/11,Female,LIYXHO,2018/10/08
81,Simon,Burnie,1969/01/22,Male,JGNRAX,2020/02/14
4,Roseann,Ailward,1980/10/16,Female,STKETM,2018/05/09
56,Bertram,Buckthorpe,1978/01/17,Male,PPHVMX,2018/08/18
6,Reid,Thewless,2000/06/09,Male,UXGHWU,2017/06/29
95,Gar,Korba,1994/07/29,Male,UARZSU,2021/06/02
36,Inge,Bradshaw,1986/02/24,Female,EXUSVD,2019/06/04
98,Tasia,Yarnton,1990/08/31,Female,MOCYCG,2021/07/15
93,Cyb,Gritton,1980/02/01,Female,AGMGNT,2020/05/31
95,Richmound,Celler,1991/11/03,Male,RJFDKL,2018/06/11
35,Christel,Marquot,1999/11/20,Female,DLOXNK,2019/06/20
39,Booth,Matskiv,1989/08/02,Male,DWFOBV,2021/07/23
95,Gilburt,Crady,1995/04/29,Male,HHKHHL,2021/11/15
86,Crichton,Shaylor,1976/06/10,Male,TOWGKZ,2018/11/14
6,Jemimah,Dobie,1989/03/06,Female,GMNMNT,2022/02/21
19,Cherry,Quaif,1989/07/23,Female,BZZWAQ,2019/03/10
8,Shalna,Baxstar,1996/01/20,Female,IGPSPF,2021/02/15
63,Dannie,Dymocke,1973/03/04,Male,YGYUKI,2021/09/27
23,Dayle,Enion,1971/07/23,Female,RYCYTM,2021/03/09
29,Phylys,Hayes,1987/11/03,Female,FHVWRA,2021/05/17
63,Branden,O'Fihillie,1979/09/28,Male,TPKTDA,2018/04/11
96,Corenda,Eyer,1986/09/22,Female,WEYOCT,2017/09/20
58,Salomon,Pawelek,1992/06/23,Male,XEDFDC,2020/11/15
52,Mal,Hylden,1988/04/21,Male,YSOFOA,2020/07/25
38,Susann,Sandaver,1990/04/30,Female,XDHOOC,2017/09/23
15,Iolande,Slyman,1993/08/23,Female,ASHUHP,2019/07/11
11,Mitch,Dechelle,1987/07/31,Male,GIDVFS,2018/06/14
36,Mile,Braley,1970/01/01,Male,MPKCBF,2018/04/01
46,Radcliffe,McDool,1981/12/01,Male,ASHUHP,2020/02/24
77,Fonzie,De Rye Barrett,1979/11/21,Male,JPXNYK,2019/07/05
46,Aubert,Leary,1974/08/11,Male,EXUSVD,2018/12/21
80,Shawn,Auchterlony,1966/01/23,Female,GIDVFS,2021/08/14
96,Jo,Loiterton,1996/02/22,Male,URXMIY,2021/11/24
98,Cazzie,Romei,1995/12/30,Male,DLOXNK,2019/01/07
87,Armando,Prahm,1975/03/29,Male,BZZWAQ,2019/02/03
47,Lucien,Atger,2002/02/03,Male,YDDNMY,2022/01/01
3,Malissia,Kirkness,1999/12/14,Female,ZZLZVO,2020/03/08
29,Kiley,Dummer,1971/04/29,Male,UARZSU,2020/05/28
32,Matty,Hanbidge,1986/11/24,Female,RZKWEZ,2021/04/23
40,Baxter,Dmitriev,1980/12/30,Male,YGYUKI,2021/04/06
92,Ximenez,Biddlestone,1974/03/12,Male,RCOJXP,2018/02/02
26,Meggy,Betteriss,1994/08/17,Female,GMNMNT,2019/12/21
21,Kittie,Kerrigan,1977/06/02,Female,LIYXHO,2017/07/29
23,Sylas,Bondesen,1985/04/09,Male,JPVZJU,2018/08/14
68,Olimpia,Dybbe,1975/09/09,Female,XEDFDC,2019/07/05
75,Aharon,Cartan,1997/04/22,Male,FQRRLP,2019/10/15
42,Gretal,Diviny,1987/04/14,Female,MPKCBF,2022/02/02
43,Garvy,Carnoghan,1986/04/18,Male,TPKTDA,2020/04/22
41,Bendicty,Elleray,1971/07/02,Male,AUYEGV,2021/07/01
48,Polly,Cresswell,1976/07/18,Female,ERXHXW,2018/09/05
75,Auberta,Clemerson,1997/09/10,Female,XDHOOC,2020/08/10
78,Joelly,Sirett,1984/02/21,Female,YSOFOA,2019/11/11
13,Baxter,Frawley,1997/01/13,Male,SUDXLJ,2018/03/29
74,Sullivan,Youdell,1993/01/27,Male,YQGMYO,2020/01/04
17,Fanny,Esser,1973/12/13,Female,ZZNPNJ,2019/07/23
28,Dollie,Wadley,1985/10/08,Female,OUEGSW,2019/06/20
74,Cory,Brown,1973/03/07,Male,BBKUOF,2021/11/18
29,Etty,McPaike,1993/01/12,Female,BAIWSZ,2018/10/01
43,Lawrence,Skoggings,1968/06/21,Male,JGNRAX,2022/01/01
87,Elnore,Cummins,1994/05/14,Female,UXGHWU,2020/11/17
9,Alanson,Gritland,1980/09/23,Male,YSNQLY,2018/03/07
85,Dionysus,McIver,1971/05/20,Male,RYCYTM,2019/01/16
54,Joni,Rye,1993/03/02,Female,STKETM,2019/12/15
12,Michael,Scholte,1975/05/20,Male,ITLTLA,2020/06/24
21,Orv,Tynewell,1995/04/01,Male,DWFOBV,2019/03/16
90,Ula,Pourveer,1997/09/08,Female,FXLJBS,2018/07/30
28,Flori,Cozzi,1992/09/07,Female,LTMCJM,2021/12/28
40,Clayson,Winsor,1992/10/27,Male,MOCYCG,2021/03/22
87,Neddy,Hullin,1972/08/29,Male,RJFDKL,2019/05/04
84,Aylmer,MacCahey,1981/10/06,Male,TOWGKZ,2018/10/03
41,Karisa,Abethell,1991/02/21,Female,IGPSPF,2019/12/25
26,Mel,Gallegos,1977/01/03,Male,FHVWRA,2020/11/08
6,Dasha,Manwell,1997/11/24,Female,PPHVMX,2020/04/13
57,Marieann,Perch,1978/03/30,Female,FXKXUB,2022/05/19
15,Annissa,Pilsbury,1968/03/10,Female,AGMGNT,2020/11/10
50,Morgen,Bentjens,1979/07/21,Male,KTSFVZ,2017/10/27
23,Tabby,Crowther,1966/01/11,Male,HHKHHL,2017/06/17
85,Gaby,Stucksbury,1974/11/14,Female,WEYOCT,2018/04/20
14,Horton,Sokell,1965/12/12,Male,YQGMYO,2020/12/09
19,Callean,Dobson,1966/04/30,Male,ZZNPNJ,2018/09/21
30,Vern,Josephov,1973/10/31,Male,UARZSU,2018/11/19
15,Grady,Tumility,1976/10/21,Male,MOCYCG,2018/01/01
8,Wyn,Firebrace,1967/08/06,Male,ERXHXW,2020/02/20
17,Errick,Grahamslaw,1970/07/22,Male,YSOFOA,2019/04/14
30,Justis,Kitchingham,1994/01/24,Male,XEDFDC,2022/03/19
65,Wynne,McGahey,1965/06/25,Female,IGPSPF,2019/11/08
87,Marline,Blewett,1989/06/20,Female,STKETM,2021/08/04
49,Colin,Scholte,1972/11/19,Male,BAIWSZ,2021/09/10
86,Barty,Calven,1975/12/01,Male,HHKHHL,2020/01/12
37,Lydon,Rigge,1966/07/13,Male,DLOXNK,2017/10/19
71,Gallagher,Humber,1995/01/04,Male,YGYUKI,2018/04/13
100,Faulkner,Sercombe,1979/07/15,Male,GIDVFS,2020/03/06
44,Gusty,MacNeish,1985/06/14,Female,EXUSVD,2019/04/15
14,Claudina,Hanselmann,1989/11/14,Female,YDDNMY,2020/04/10
15,Bond,Fearn,1991/06/23,Male,WEYOCT,2018/10/22
37,Ritchie,Swatradge,1991/05/30,Male,LIYXHO,2022/01/04
39,Farra,Colgan,1976/06/28,Female,RJFDKL,2022/05/03
64,Pete,Masey,2001/07/25,Male,RYCYTM,2021/10/06
53,Allsun,Campanelli,1978/04/08,Female,FQRRLP,2020/01/03
97,Alaster,Forten,1987/02/07,Male,RCOJXP,2022/01/29
41,Stanly,Harnell,1997/09/18,Male,FXLJBS,2018/03/08
54,Francklin,Borgne,1971/05/02,Male,ZZLZVO,2018/01/30
17,Art,Schechter,1981/04/08,Male,SUDXLJ,2020/06/25
9,Kaspar,Tatham,1995/10/14,Male,GMNMNT,2020/11/24
77,Eleen,Hailwood,1975/11/21,Female,JGNRAX,2018/03/11
51,Allen,Basford,1997/10/14,Male,RZKWEZ,2019/12/31
34,Jerry,Cabel,1988/04/11,Male,ITLTLA,2018/02/06
67,Mitchel,Yockney,1977/03/08,Male,BZZWAQ,2020/07/08
86,Sabra,Takkos,1985/01/19,Female,KTSFVZ,2022/01/24
43,Joli,Guynemer,1982/09/02,Female,FXKXUB,2017/06/09
48,Kennett,Croxton,2001/05/31,Male,URXMIY,2021/11/01
70,Archambault,Storm,2000/12/14,Male,TOWGKZ,2022/01/02
27,Nari,Shiel,1973/02/11,Female,ASHUHP,2020/11/16
78,Max,Lalevee,1996/07/11,Female,JPVZJU,2018/03/15
36,Linoel,Peake,1979/03/20,Male,XDHOOC,2021/12/03
10,Johann,Dorling,1978/05/13,Male,AUYEGV,2019/10/17
4,Dennie,Northridge,1985/03/07,Male,MPKCBF,2019/04/28
31,Grethel,Kennerknecht,1970/03/25,Female,TPKTDA,2021/04/27
60,Lea,Pinkett,1983/04/25,Female,BBKUOF,2021/10/10
81,Stanleigh,Grieswood,1987/10/12,Male,UXGHWU,2021/04/01
57,Burr,Whales,1986/07/26,Male,DWFOBV,2019/04/29
44,Alfie,Lerwill,1993/09/29,Male,JPXNYK,2019/12/27
61,Camala,Cruddas,1999/12/17,Female,OUEGSW,2021/11/11
9,Alejoa,Alldis,1979/11/10,Male,FHVWRA,2018/11/30
6,Jacenta,Jeremaes,1968/11/06,Female,AGMGNT,2021/12/18
74,Gracie,Pursglove,1990/07/23,Female,PPHVMX,2020/12/01
64,Tessi,Churms,1972/11/17,Female,YSNQLY,2020/02/03
83,Sanson,Scapens,1987/08/07,Male,LTMCJM,2021/04/03
83,Gerhard,Wiggett,1994/09/11,Male,AUYEGV,2020/02/12
36,Mathian,Chantrell,1976/05/16,Male,TOWGKZ,2019/10/16
6,Mag,Langmaid,1981/06/26,Female,FHVWRA,2022/01/02
88,Titos,Butler-Bowdon,1975/03/18,Male,IGPSPF,2020/01/30
46,Ag,Notman,1995/01/25,Female,AGMGNT,2019/08/08
87,Roseanne,Manger,1998/12/24,Female,ITLTLA,2018/03/27
14,Nicolina,Blizard,1973/05/31,Female,YQGMYO,2017/08/25
65,Ina,Dyos,1971/08/19,Female,RJFDKL,2020/09/02
76,Ole,Meffen,1978/02/09,Male,EXUSVD,2020/09/19
18,Katrinka,Rowberry,1984/10/11,Female,BAIWSZ,2017/11/04
50,Rozella,Richarson,1997/08/28,Female,JPXNYK,2021/01/19
93,Germayne,Coweuppe,1983/09/16,Male,RYCYTM,2020/02/26
87,Devin,Hartgill,1999/01/11,Male,YSNQLY,2021/01/21
89,Diandra,Gidney,1991/11/25,Female,URXMIY,2018/02/06
65,Susette,Stirgess,1979/06/15,Female,UARZSU,2020/12/08
5,Dur,Rollinshaw,1970/10/09,Male,FQRRLP,2019/07/08
74,Phyllys,Maffulli,1984/06/07,Female,BBKUOF,2020/06/17
27,Gordon,Karolewski,1970/02/22,Male,RCOJXP,2021/12/31
13,Annabela,Baack,1977/02/28,Female,DLOXNK,2019/07/02
7,Mac,Cubley,1972/11/22,Male,LTMCJM,2018/12/01
91,Nadya,Matthai,1987/03/12,Female,WEYOCT,2020/04/04
14,Stephana,Paddington,2000/11/01,Female,KTSFVZ,2021/10/29
54,Karissa,Pretorius,1996/01/09,Female,YSOFOA,2021/06/21
51,Ciel,Eard,1996/12/06,Female,HHKHHL,2018/02/14
34,Fae,Lyte,1978/10/20,Female,ASHUHP,2020/11/12
96,Miltie,Dewicke,1995/02/19,Male,JPVZJU,2020/08/25
24,Elliot,Benzies,1993/02/12,Male,GMNMNT,2017/09/01
85,Theda,Steedman,1985/07/20,Female,DWFOBV,2019/10/05
21,Heywood,Garfitt,1971/08/05,Male,FXKXUB,2021/12/30
20,Carol-jean,Leebeter,1979/01/04,Female,MOCYCG,2021/03/01
72,Baillie,Stede,1984/02/16,Male,LIYXHO,2018/09/21
50,Rae,Blankhorn,1979/01/22,Female,ZZLZVO,2020/11/20
10,Fanya,Tirrell,1985/08/05,Female,GIDVFS,2019/01/25
34,Vinnie,Gutch,1992/09/22,Male,UXGHWU,2017/11/02
31,Torre,Davisson,1991/02/15,Male,MPKCBF,2018/06/07
62,Bili,Basler,1995/01/13,Female,YDDNMY,2021/11/18
100,Osborne,Severn,1985/05/31,Male,OUEGSW,2017/11/12
18,Miof mela,Pepin,1985/11/16,Female,FXLJBS,2020/03/20
22,Wells,Hakeworth,2001/12/26,Male,PPHVMX,2017/07/30
67,Adelheid,Symcock,1982/07/11,Female,RZKWEZ,2022/06/01
49,Sanson,Daughton,1973/04/12,Male,YGYUKI,2021/09/29
55,Germaine,Edgeson,1980/11/12,Male,ZZNPNJ,2020/01/02
13,Killian,Methuen,1984/02/02,Male,BZZWAQ,2019/10/03
78,Flore,Gayne,1994/10/13,Female,SUDXLJ,2021/06/01
53,Davidson,Polendine,1996/09/13,Male,ERXHXW,2020/01/01
57,Eliza,Muff,1971/09/03,Female,XEDFDC,2018/07/28
30,Gayleen,Stickells,1983/03/25,Female,TPKTDA,2021/05/13
20,Yevette,Yelding,1989/04/24,Female,XDHOOC,2018/05/14
78,Pippa,Lyddon,1973/06/19,Female,JGNRAX,2017/10/02
8,Guendolen,Blanch,1967/04/04,Female,STKETM,2022/04/30
29,Deb,Riolfo,1975/04/05,Female,FXLJBS,2021/02/17
57,Melantha,Dyos,1996/05/04,Female,HHKHHL,2021/06/12
26,Gino,Di Iorio,1978/06/12,Male,ASHUHP,2019/10/13
2,Nady,Klimashevich,1991/01/26,Female,LIYXHO,2020/01/02
52,Bealle,McEntagart,1997/03/02,Male,YQGMYO,2022/04/29
89,Linette,Mosdill,1975/10/12,Female,DWFOBV,2019/07/19
51,Nikaniki,Henriksson,1966/09/14,Female,YSNQLY,2020/12/19
63,Kaleb,Whye,1995/09/20,Male,MOCYCG,2021/04/09
46,Alexis,Cumbes,1978/01/11,Male,DLOXNK,2021/12/24
83,Scarlett,Dee,1991/08/20,Female,UARZSU,2022/05/04
79,Briana,Emanuele,1999/03/28,Female,AGMGNT,2018/02/27
51,Jasun,Petters,1968/09/16,Male,OUEGSW,2021/07/22
39,Gian,Plinck,1983/07/25,Male,MPKCBF,2018/12/29
62,Demetri,Egre,1986/11/12,Male,WEYOCT,2019/06/23
97,Jewel,Greensides,1983/02/22,Female,IGPSPF,2018/12/03
33,Emelita,Peizer,1969/08/13,Female,JPXNYK,2019/02/17
49,Leticia,Fintoph,1992/12/10,Female,LTMCJM,2020/07/31
22,Cherise,Matuska,1988/07/03,Female,RCOJXP,2022/02/25
41,Shaine,Noble,1982/07/03,Male,YSOFOA,2021/11/20
52,Pam,Skydall,1973/03/01,Female,STKETM,2018/01/31
30,Hillary,Como,1986/04/25,Male,TOWGKZ,2021/09/09
5,Romonda,Wagge,1977/03/06,Female,AUYEGV,2019/07/30
61,Pam,Frankom,1985/01/13,Female,TPKTDA,2020/01/17
23,Norene,Dando,1979/03/08,Female,RYCYTM,2021/12/21
43,Netty,Peris,1983/10/28,Female,PPHVMX,2017/08/19
67,Emalia,Iorio,1971/09/17,Female,ZZLZVO,2018/09/28
23,Cammi,Standring,2000/05/27,Female,EXUSVD,2021/11/01
37,Fanny,MacGillicuddy,1965/06/09,Female,KTSFVZ,2017/06/29
99,Maria,Sherbourne,1981/06/14,Female,ERXHXW,2019/12/23
27,Elroy,Gladtbach,1967/08/27,Male,SUDXLJ,2021/11/24
82,Gabriello,Iggalden,1990/01/17,Male,GIDVFS,2021/03/23
11,Alidia,Devereux,1966/09/01,Female,RJFDKL,2017/07/04
44,Andi,Reeveley,1972/10/03,Female,FHVWRA,2018/06/21
33,Peggy,Baignard,1983/10/15,Female,RZKWEZ,2021/01/13
92,Patric,Allbut,1999/11/10,Male,XEDFDC,2020/09/03
11,Michaella,Perllman,1985/03/03,Female,GMNMNT,2018/06/14
101,Meade,Buchan,1997/01/04,Male,JPVZJU,2018/01/07
52,Ranna,O'Neil,1975/06/24,Female,FQRRLP,2017/07/07
46,Connie,Harriagn,1983/03/27,Male,XDHOOC,2019/10/17
33,Brittan,Edwin,1973/09/27,Female,BZZWAQ,2021/10/23
20,Rafa,Kitchingman,2000/05/24,Female,ZZNPNJ,2018/10/03
15,Esmeralda,Muddimer,1983/06/15,Female,JGNRAX,2021/07/06
61,Mathilde,Blaver,1997/06/21,Female,ITLTLA,2018/12/16
14,Marci,Kroch,1984/03/10,Female,BAIWSZ,2021/12/29
65,Lucy,Klimus,1995/10/05,Female,URXMIY,2022/03/07
19,Constance,Harmeston,1992/06/06,Female,UXGHWU,2021/06/12
54,Hunt,MacCaughen,1972/09/08,Male,BBKUOF,2019/07/01
15,Charlean,Pedycan,1996/12/02,Female,FXKXUB,2018/12/26
45,Dionne,Jump,2001/10/05,Female,YDDNMY,2021/04/22
76,Melodee,Lynn,1973/08/16,Female,YGYUKI,2019/08/23
18,Rhys,Cosstick,1999/10/06,Male,RYCYTM,2020/03/22
10,Jean,Broek,1990/10/13,Male,FXLJBS,2017/09/05
90,Ellwood,Rippen,1990/08/05,Male,ASHUHP,2018/02/26
57,Alissa,Cornilleau,1984/03/27,Female,XDHOOC,2021/03/04
33,Sansone,Sember,1987/11/29,Male,DWFOBV,2017/12/30
34,Kikelia,Ferries,1990/01/15,Female,FQRRLP,2020/01/16
65,Brinn,McClean,1994/05/21,Female,RZKWEZ,2022/04/02
18,Lynnea,Larby,1981/09/24,Female,RCOJXP,2019/02/27
99,Martguerita,Treweek,1988/12/14,Female,MPKCBF,2019/06/15
89,Sergeant,Tedstone,1986/02/06,Male,IGPSPF,2018/01/22
18,Lorena,Jeskin,1975/12/19,Female,WEYOCT,2022/03/16
51,Happy,Rowly,1992/09/26,Female,BBKUOF,2021/01/20
89,Robin,Spaice,1983/04/01,Female,FHVWRA,2018/02/18
76,Cynthie,Wallsworth,1990/09/17,Female,YDDNMY,2017/12/28
30,Ninnetta,Pinkett,1986/08/10,Female,YSNQLY,2019/02/17
33,Harcourt,Weymouth,1981/07/22,Male,URXMIY,2018/06/07
37,Reggy,Eagan,1966/09/12,Male,STKETM,2017/12/17
64,Jedd,Pods,1984/04/14,Male,PPHVMX,2019/02/21
32,Gray,Critchell,1997/01/09,Male,JPVZJU,2021/12/12
86,Noni,Pigney,1995/03/30,Female,GIDVFS,2022/02/15
87,Lilas,Biffen,1992/02/24,Female,ZZLZVO,2021/03/27
82,Gerardo,Wanklyn,1994/12/13,Male,YSOFOA,2021/10/22
71,Samantha,Hallybone,1996/06/25,Female,JGNRAX,2018/03/25
31,Kiel,Redsull,1995/07/24,Male,SUDXLJ,2021/01/03
14,Orville,Fery,1974/05/13,Male,AUYEGV,2020/07/24
72,Leroi,Really,1994/01/16,Male,BAIWSZ,2019/08/13
76,Erena,Dempsey,1992/11/24,Female,UXGHWU,2021/03/22
44,Gilly,Faux,1975/04/16,Female,BZZWAQ,2018/12/11
50,Tabb,Chatteris,1968/01/27,Male,HHKHHL,2019/08/15
43,Jedd,Clorley,1980/09/13,Male,TOWGKZ,2020/03/26
68,Ashlan,Stedson,1989/05/03,Female,AGMGNT,2019/03/30
44,Tyler,Dale,1979/12/12,Male,ZZNPNJ,2020/03/22
54,Lisbeth,O'Kynsillaghe,1994/10/03,Female,LTMCJM,2020/03/04
48,Tyson,Baulch,1980/05/18,Male,GMNMNT,2018/12/08
74,Tynan,Cours,2001/11/08,Male,KTSFVZ,2020/12/23
97,Lolly,Chamberlayne,1966/12/24,Female,DLOXNK,2018/09/28
8,Bat,Vossing,1987/10/26,Male,UARZSU,2017/06/22
73,Brandon,Dickons,2000/10/08,Male,YGYUKI,2018/09/01
38,Beau,Sodor,1978/02/26,Male,FXKXUB,2019/02/21
7,Cesare,Klezmski,1974/02/26,Male,ERXHXW,2020/01/10
94,Ofelia,Sheringham,1976/04/27,Female,XEDFDC,2019/06/03
33,Quintin,Damrel,1978/09/14,Male,OUEGSW,2018/10/27
87,Keely,Tatershall,1966/10/21,Female,MOCYCG,2020/07/04
32,Raddie,Christie,1996/11/16,Male,EXUSVD,2018/10/03
3,Irwin,Moscrop,1987/01/13,Male,TPKTDA,2018/07/08
66,Gustie,Mariot,1977/03/15,Female,YQGMYO,2020/04/02
1,Chan,Appleyard,2000/06/14,Male,RJFDKL,2021/09/23
39,Bond,Gaunson,1988/09/25,Male,LIYXHO,2021/02/28
52,Consalve,Leitche,2000/02/23,Male,JPXNYK,2018/07/17
97,Skyler,Lardez,1994/04/16,Male,ITLTLA,2020/08/16
56,Alic,Swancock,1990/02/08,Male,UARZSU,2021/11/23
76,Louisa,Clutton,1982/05/24,Female,RCOJXP,2021/07/19
89,Genia,Bosket,1976/07/08,Female,BAIWSZ,2018/04/07
94,Baily,Pidgeley,1999/06/03,Male,MOCYCG,2021/12/05
17,Bailey,Barnewell,1981/01/20,Male,KTSFVZ,2018/09/16
13,Ora,Feetham,1982/12/20,Female,FXLJBS,2017/09/12
18,Julita,Drewes,1999/02/15,Female,URXMIY,2018/10/16
5,Matti,Inkpin,1983/11/18,Female,IGPSPF,2019/01/06
12,Boniface,Killner,1983/11/30,Male,RZKWEZ,2019/06/23
63,Barbara,Sabban,1989/01/01,Female,GMNMNT,2020/05/23
99,Byrle,Dring,1984/09/18,Male,ITLTLA,2020/05/19
54,Pedro,Fransewich,1975/01/13,Male,STKETM,2017/11/18
30,Claresta,Epton,1968/04/25,Female,JPXNYK,2021/01/11
65,Ardeen,Van Driel,1977/12/27,Female,XEDFDC,2019/07/05
89,Martha,Baskeyfied,2000/09/10,Female,TPKTDA,2018/02/15
75,Marsha,Pedler,1981/10/22,Female,YSOFOA,2021/06/23
12,Viviana,Airey,1986/10/20,Female,TOWGKZ,2020/02/04
95,Charline,Earlam,1981/02/02,Female,YDDNMY,2021/01/22
37,Retha,Pree,1974/08/03,Female,ERXHXW,2021/06/09
59,Georgine,Perrelli,1999/07/03,Female,YQGMYO,2018/03/06
13,Rina,Skerratt,1992/04/08,Female,LTMCJM,2018/12/11
48,Ab,Pavlik,1974/08/17,Male,LIYXHO,2018/07/29
13,Raven,Kayzer,1991/02/17,Female,AGMGNT,2020/08/19
61,Gannie,Frigout,1994/09/09,Male,ZZNPNJ,2020/09/28
45,Tully,Stonestreet,2001/10/16,Male,FHVWRA,2021/02/24
47,Elayne,Dunsire,1969/10/07,Female,FXKXUB,2019/02/02
99,Dyan,Westnedge,1971/06/12,Female,XDHOOC,2020/09/26
101,Luelle,Debrett,1974/12/07,Female,BZZWAQ,2020/08/28
14,Ajay,Kegan,1969/04/13,Female,PPHVMX,2019/03/13
66,Paige,Rowley,1983/12/06,Male,GIDVFS,2020/10/04
14,Tootsie,Bramwell,2000/09/30,Female,FQRRLP,2019/02/23
80,Esma,Beels,1966/03/31,Female,EXUSVD,2018/11/29
44,Bessie,Fosserd,1971/11/04,Female,RJFDKL,2020/04/11
58,Rees,Brewis,1982/10/11,Male,DLOXNK,2022/04/28
72,Orv,Bome,1969/11/18,Male,OUEGSW,2022/05/29
96,Devina,Bridie,1977/09/26,Female,ASHUHP,2017/06/06
96,Reagan,Paice,1994/05/09,Male,YSNQLY,2017/07/14
71,Spencer,Nattriss,1981/06/26,Male,RYCYTM,2019/10/05
1,Rogerio,Alcott,1988/08/18,Male,YGYUKI,2020/08/10
66,Kimbell,Fearnall,1986/04/02,Male,BBKUOF,2020/03/14
94,Lucius,Muirden,1968/04/09,Male,JGNRAX,2022/05/09
1,Lorens,O'Finan,1972/06/12,Male,ZZLZVO,2017/12/08
77,Nadiya,Slide,1990/02/08,Female,JPVZJU,2017/11/26
88,Jana,MacDonell,1966/08/07,Female,MPKCBF,2017/07/11
101,Florie,Bastiman,1992/03/15,Female,HHKHHL,2021/04/21
72,Kassie,Chalcot,1980/11/07,Female,AUYEGV,2022/01/04
7,Cliff,Rawstorne,1997/11/18,Male,DWFOBV,2021/12/31
60,Rora,Vassano,1995/12/11,Female,UXGHWU,2020/06/22
21,Lyon,Michurin,1969/06/08,Male,SUDXLJ,2019/12/27
37,Bale,Di Angelo,1967/05/14,Male,WEYOCT,2021/06/20
52,Antons,Gyrgorcewicx,1968/05/14,Male,JPXNYK,2022/02/01
77,Osborn,Silber,1966/10/12,Male,YDDNMY,2020/05/17
86,Allissa,Stanbro,1991/01/16,Female,ZZLZVO,2018/04/26
9,Lisha,Woollaston,1988/12/14,Female,BZZWAQ,2020/08/28
18,Osborn,Gagan,1977/05/01,Male,XEDFDC,2022/05/04
21,Myrtie,Seabrooke,1973/04/27,Female,YSOFOA,2022/04/19
22,Sherilyn,Vibert,1969/04/15,Female,ITLTLA,2021/06/28
42,Horatio,Husher,1998/02/22,Male,URXMIY,2019/03/15
42,Tuck,Bedbrough,1981/09/19,Male,GMNMNT,2019/03/01
57,Elsie,Langstone,1995/01/13,Female,EXUSVD,2021/02/05
57,Glyn,Tebbs,2001/10/24,Male,FXLJBS,2020/12/13
85,Eddie,Mason,1979/03/08,Female,UARZSU,2021/04/07
66,Damiano,Bouldon,2000/05/27,Male,YQGMYO,2018/10/17
46,Nessie,Connochie,1996/07/17,Female,DWFOBV,2019/07/22
84,Malchy,Durward,2002/01/20,Male,LIYXHO,2020/06/18
11,Nolly,Hurley,1969/10/31,Male,TPKTDA,2022/04/07
25,Melany,Vasyunichev,1997/12/24,Female,OUEGSW,2020/05/21
92,Mortimer,Waltho,1987/06/21,Male,RYCYTM,2017/11/14
37,Anastasie,O'Fogarty,1997/05/09,Female,AGMGNT,2020/12/12
71,Elga,Tribble,1970/02/13,Female,DLOXNK,2019/01/19
65,Derick,Scurfield,1966/03/06,Male,KTSFVZ,2017/12/15
24,Davide,Cawthry,2001/07/23,Male,GIDVFS,2020/01/15
54,Culver,Aldus,1996/10/15,Male,XDHOOC,2017/11/23
33,Malcolm,Jennens,1989/01/27,Male,MOCYCG,2021/09/27
17,Jenilee,Russe,1988/02/07,Female,UXGHWU,2018/04/11
16,Eolande,Neesham,1978/03/25,Female,YGYUKI,2021/07/10
2,Cariotta,Ciric,1982/12/21,Female,SUDXLJ,2017/10/28
51,Stavros,Stathers,1967/12/23,Male,YSNQLY,2019/04/16
30,Agathe,Tirrey,1999/12/25,Female,STKETM,2018/12/08
17,Georgianne,Ingold,1986/06/30,Female,ERXHXW,2018/03/27
20,Justinian,Umpleby,1975/04/08,Male,JGNRAX,2020/07/24
90,Desi,Balassa,1983/04/28,Male,BBKUOF,2017/10/15
77,Mercedes,Cradick,1986/06/18,Female,FXKXUB,2020/03/18
85,Wallis,Maior,1980/02/10,Male,ZZNPNJ,2018/11/24
81,Jacki,Hearson,1994/05/11,Female,IGPSPF,2020/01/11
15,Gill,Bloxsome,1967/06/21,Female,RCOJXP,2018/07/28
74,Andi,Kerins,1968/02/23,Female,FHVWRA,2022/04/09
96,Tory,Severs,1981/04/07,Female,RZKWEZ,2021/08/30
48,Skyler,Reeves,1988/08/28,Male,ASHUHP,2018/10/26
81,Cornall,Findlow,1977/01/07,Male,WEYOCT,2017/06/17
61,Marco,Olivetti,1987/07/19,Male,HHKHHL,2019/02/25
12,Editha,Breewood,1992/11/22,Female,PPHVMX,2019/07/01
45,Timmie,Mullord,2001/01/03,Male,TOWGKZ,2019/02/14
12,Marleen,Meeking,1970/08/01,Female,AUYEGV,2020/12/12
39,Jobey,Gibberd,1991/09/16,Female,LTMCJM,2022/01/22
60,Graeme,Trippick,1996/05/29,Male,JPVZJU,2017/07/26
25,Kassey,Piens,2000/09/30,Female,RJFDKL,2018/02/28
31,Avril,Bull,1975/03/23,Female,MPKCBF,2019/03/24
55,Vivyan,Burcombe,1982/09/11,Female,BAIWSZ,2022/05/26
42,Carmine,Carrack,1982/09/22,Male,FQRRLP,2020/12/30
62,Allyn,Jiricka,1981/06/07,Female,RJFDKL,2018/06/07
13,Rochelle,Micheau,1985/05/31,Female,ZZLZVO,2018/03/01
45,Kassey,Wogan,1999/09/04,Female,MOCYCG,2017/12/21
81,Ignaz,Crissil,1968/03/29,Male,FHVWRA,2019/12/09
79,Conrade,Trotman,1972/04/20,Male,YQGMYO,2018/01/02
17,Brendin,Itzcak,1977/12/28,Male,AGMGNT,2018/08/05
85,Rene,Maleby,1980/04/24,Male,OUEGSW,2021/05/16
46,Constantine,Chadband,1967/01/28,Male,UARZSU,2021/02/17
34,Nicko,Crow,1967/07/21,Male,XEDFDC,2019/02/06
66,Bettye,Lattimer,1988/04/14,Female,UXGHWU,2020/02/17
82,Chrysler,Axelbee,1997/03/11,Female,YDDNMY,2021/02/19
57,Sanson,Berrick,1988/06/08,Male,MPKCBF,2019/01/08
48,Kristi,Spinige,1998/11/10,Female,YSOFOA,2021/08/30
65,Sumner,Angood,1982/06/11,Male,RZKWEZ,2017/12/26
31,Ailey,Woffenden,1995/09/14,Female,DWFOBV,2018/08/22
42,Joletta,Glancey,1996/11/23,Female,GIDVFS,2019/01/04
13,Nellie,Klarzynski,1995/07/20,Female,AUYEGV,2020/02/12
83,Janella,Hysom,1977/04/21,Female,TOWGKZ,2021/01/05
75,Cece,Ellissen,1996/05/09,Male,YSNQLY,2020/06/01
51,Lorrie,Heardman,1984/02/25,Female,JPXNYK,2018/07/31
69,Jamesy,Smallbone,1979/09/30,Male,IGPSPF,2019/01/17
67,Dewain,Senussi,1987/03/20,Male,ZZNPNJ,2019/08/10
63,Anabella,Slidders,1966/06/03,Female,BBKUOF,2019/11/19
65,Kelcie,Breslin,1976/06/01,Female,SUDXLJ,2020/01/09
35,Shandra,Quested,1987/01/18,Female,WEYOCT,2019/05/24
22,Ellwood,Pittham,1980/06/06,Male,RCOJXP,2018/03/17
8,Clayborn,Tomczak,1974/10/05,Male,LTMCJM,2021/12/10
2,Del,Le Marquis,1981/06/30,Female,RYCYTM,2021/03/25
87,Iggie,Mayworth,1983/07/09,Male,URXMIY,2018/10/10
80,Lamar,Carman,1982/01/01,Male,BZZWAQ,2021/02/28
85,Alejoa,Hurich,1970/09/24,Male,BAIWSZ,2020/01/23
25,Doloritas,Berre,1996/11/25,Female,KTSFVZ,2018/06/01
35,Eldon,Neward,1980/05/07,Male,FXLJBS,2019/08/05
7,Lindsay,Gavrieli,1993/05/04,Female,STKETM,2021/01/10
87,Menard,Haggata,1975/06/15,Male,DLOXNK,2021/08/06
36,Casandra,Samuel,1983/01/25,Female,YGYUKI,2020/11/09
72,Zane,McShane,1968/04/03,Male,FQRRLP,2020/03/08
60,Morganica,Redsall,1974/01/15,Female,HHKHHL,2021/12/19
72,Aldon,Krahl,1966/03/19,Male,LIYXHO,2022/05/02
72,Juieta,Parlett,1981/01/08,Female,TPKTDA,2021/07/09
99,Iormina,Tomczykowski,1972/11/29,Female,JPVZJU,2018/06/20
43,Rick,Whittington,1974/05/15,Male,XDHOOC,2021/08/09
15,Orelee,Kemery,2001/12/23,Female,FXKXUB,2020/10/30
4,Hesther,Pundy,1968/04/21,Female,EXUSVD,2019/07/04
97,Palm,Walklot,2001/09/20,Male,PPHVMX,2018/10/12
94,Cherye,Forre,1972/10/03,Female,JGNRAX,2021/05/06
61,Adriena,Carrick,1982/10/17,Female,ITLTLA,2017/10/06
77,Pat,Cone,1995/05/06,Male,ASHUHP,2022/04/25
99,Corrianne,Lissaman,1967/04/26,Female,ERXHXW,2021/01/15
2,Mel,Launchbury,1969/09/23,Male,GMNMNT,2022/03/05
44,Vivianna,Arundell,1991/07/13,Female,XDHOOC,2019/09/09
27,Francesca,Geffinger,1983/07/23,Female,RJFDKL,2018/01/30
18,Gallagher,Moffat,2000/03/24,Male,LIYXHO,2017/09/02
53,Carlie,Flockhart,1975/11/22,Female,RZKWEZ,2020/11/08
31,Linn,Negal,2001/12/27,Female,ZZLZVO,2020/06/02
1,Joseito,Bowich,1990/03/05,Male,ITLTLA,2018/11/25
39,Korella,Simond,1965/08/30,Female,HHKHHL,2018/05/30
98,Nollie,Okie,1987/01/06,Male,ZZNPNJ,2019/03/04
49,Fidelio,Wimbridge,1970/09/10,Male,JGNRAX,2018/09/05
25,Ellynn,Wadly,1976/12/15,Female,MPKCBF,2018/09/15
51,Annabelle,Muskett,1989/06/07,Female,JPVZJU,2022/05/18
93,Ev,Dugood,1981/10/24,Male,BZZWAQ,2017/08/31
74,Hermann,Treweela,1993/10/01,Male,YGYUKI,2017/08/03
98,Barthel,Alderwick,1983/02/11,Male,BBKUOF,2018/12/10
101,Ewen,McSharry,1969/11/17,Male,WEYOCT,2020/11/28
2,Patin,Didsbury,1995/11/11,Male,AGMGNT,2017/11/30
49,Lenna,McAvin,1987/08/03,Female,GMNMNT,2018/03/01
98,Charla,Dundon,2001/09/21,Female,YDDNMY,2019/01/25
20,Cymbre,Van't Hoff,1998/08/20,Female,UARZSU,2020/09/06
83,Harrie,Kunrad,1992/05/28,Female,ASHUHP,2017/06/18
30,Mandie,Whatling,1995/06/15,Female,MOCYCG,2021/07/04
9,Brody,Lodder,1981/08/17,Male,IGPSPF,2019/12/30
91,Euphemia,Platts,1971/11/12,Female,FQRRLP,2021/06/08
79,Isidore,Dericut,1971/06/28,Male,XEDFDC,2019/06/07
23,Cara,Kellar,1991/05/01,Female,YSNQLY,2019/08/10
36,Huntley,Demageard,1980/03/02,Male,FXKXUB,2019/09/08
91,Johnathan,Vautre,1972/03/12,Male,KTSFVZ,2020/03/28
25,Tara,Shrubsall,1990/01/01,Female,EXUSVD,2017/08/22
67,Gunter,Greenrde,1977/06/21,Male,URXMIY,2019/01/28
14,Billi,Rabjohn,1990/10/27,Female,STKETM,2019/08/20
68,Glory,Maha,1977/03/16,Female,GIDVFS,2019/02/08
84,Clyve,Coolahan,2002/03/19,Male,BAIWSZ,2022/03/10
54,Katheryn,Acres,1978/08/02,Female,TPKTDA,2018/05/22
6,Bertina,Armor,1972/05/24,Female,LTMCJM,2022/05/15
79,Neale,Tommaseo,1999/02/13,Male,UXGHWU,2021/10/05
80,Ottilie,Sandwith,1979/10/21,Female,RYCYTM,2020/03/17
74,Jakie,Berisford,1972/06/08,Male,DLOXNK,2020/07/06
79,Aridatha,Duckworth,1970/06/27,Female,AUYEGV,2022/02/23
82,Cristin,Gimbrett,1981/07/08,Female,OUEGSW,2022/04/09
73,Daven,Prestie,2001/08/24,Male,JPXNYK,2019/02/22
60,Sabina,Oley,1975/06/16,Female,PPHVMX,2020/03/16
23,Abey,Maundrell,1998/02/25,Male,YQGMYO,2020/01/30
99,Clare,Roostan,1987/12/29,Female,TOWGKZ,2019/12/24
76,Hanni,Pettingall,1991/01/01,Female,ERXHXW,2019/10/30
71,Alon,Franchyonok,1975/11/02,Male,RCOJXP,2021/03/11
8,Ebonee,Connealy,1998/04/28,Female,FHVWRA,2019/06/05
4,Skip,Tutin,1976/11/18,Male,SUDXLJ,2018/09/15
98,Ninnette,Pettman,1989/12/12,Female,YSOFOA,2020/04/13
66,Preston,Nuzzti,1970/05/27,Male,DWFOBV,2021/01/27
50,Penelope,Cotes,1970/04/16,Female,FXLJBS,2017/07/19
21,Lorin,Phateplace,1982/05/03,Male,YDDNMY,2019/10/11
62,Jorgan,Ishaki,1978/10/19,Male,LIYXHO,2018/09/02
66,Patrick,Fullilove,1989/02/12,Male,STKETM,2021/07/24
46,Trish,Fedder,1976/11/30,Female,AUYEGV,2022/01/21
60,Timoteo,Ducket,1990/10/02,Male,BBKUOF,2020/04/12
81,Morris,Krysztofiak,1984/07/12,Male,MPKCBF,2018/09/15
90,Ozzie,Flement,1982/10/09,Male,ITLTLA,2020/09/04
99,Hugues,Pashby,1987/05/09,Male,HHKHHL,2017/08/10
78,Kat,Dionisio,1990/08/24,Female,LTMCJM,2020/12/08
78,Zane,Aland,1988/04/13,Male,RCOJXP,2019/09/19
69,Henrik,Vigars,1968/10/09,Male,FHVWRA,2021/06/21
86,Ariana,de Tocqueville,1983/04/13,Female,TOWGKZ,2017/12/14
51,Shirlene,Sutehall,1996/11/01,Female,ZZLZVO,2018/07/20
37,Dewitt,Slinger,1996/12/25,Male,IGPSPF,2019/09/04
29,Evita,Treverton,1968/06/07,Female,YSOFOA,2019/10/26
29,Mufi,Cosbee,1997/03/04,Female,RJFDKL,2022/05/26
66,Alard,Antoniewski,1972/08/04,Male,JPVZJU,2020/05/21
17,Broddy,Deboy,1988/05/21,Male,YGYUKI,2019/12/24
73,Gloria,Spurden,2002/03/08,Female,OUEGSW,2017/11/12
43,Lynn,Greave,1991/08/20,Male,EXUSVD,2020/10/24
52,Debee,Castro,1993/11/18,Female,DWFOBV,2020/12/05
53,Rudy,Collingham,1973/06/29,Male,ASHUHP,2017/09/22
41,Fredric,Ginnelly,1989/06/30,Male,UARZSU,2021/01/11
73,Gradey,Poppleton,1996/09/12,Male,XDHOOC,2020/02/08
29,Archambault,Nottram,2001/08/12,Male,JPXNYK,2017/10/10
84,Theressa,Kupisz,1974/02/01,Female,FXKXUB,2021/04/30
34,Ddene,Borman,1984/01/28,Female,PPHVMX,2019/07/04
21,Zelma,Fairhead,1971/05/20,Female,BZZWAQ,2017/07/01
39,Bibbye,Troy,1984/02/11,Female,XEDFDC,2018/08/19
66,Gael,Colbert,1997/12/30,Male,GIDVFS,2021/10/24
45,Ethelin,Brecon,2001/10/09,Female,URXMIY,2019/12/03
28,Vittoria,Lescop,1971/11/14,Female,RYCYTM,2019/06/24
41,Donelle,Kerby,1967/06/18,Female,UXGHWU,2021/05/08
39,Augy,Wermerling,1966/11/21,Male,RZKWEZ,2021/09/04
83,Saunders,Henworth,1991/01/17,Male,JGNRAX,2021/03/19
92,Rodney,Trelease,1995/04/07,Male,YSNQLY,2021/04/14
63,Brigid,Brendel,1982/10/04,Female,GMNMNT,2021/10/24
12,Nannie,Trinkwon,1973/12/28,Female,TPKTDA,2020/02/27
87,Gallagher,Viles,1982/08/11,Male,AGMGNT,2017/09/02
3,Jennette,Eneas,1987/04/28,Female,FXLJBS,2021/12/14
71,Fernanda,Britnell,1998/05/09,Female,YQGMYO,2018/10/19
34,Bil,Dimblebee,1976/03/11,Male,FQRRLP,2017/12/13
11,Fleurette,Hansen,1987/08/17,Female,KTSFVZ,2019/05/13
84,Angelica,Badder,1980/07/08,Female,MOCYCG,2019/10/30
72,Marlo,Gowers,1993/03/25,Male,BAIWSZ,2018/09/20
88,Dwayne,Caselli,1985/09/21,Male,WEYOCT,2020/02/14
92,Beverie,Chesterfield,1972/11/19,Female,DLOXNK,2020/03/26
40,Jamaal,Aubray,1977/07/25,Male,ZZNPNJ,2018/05/22
85,Orel,Senchenko,1976/12/24,Female,SUDXLJ,2021/01/06
10,Kacy,Bowdidge,1976/01/21,Female,ERXHXW,2022/05/30
52,Rozanne,Alldritt,1998/09/17,Female,GMNMNT,2021/08/12
72,Cornall,Corrigan,1998/10/27,Male,JGNRAX,2018/04/16
23,Gates,McDunlevy,1992/09/23,Female,SUDXLJ,2021/05/28
38,Cullan,Kilsby,1970/12/09,Male,XEDFDC,2018/09/20
7,Giles,Rose,1976/10/21,Male,OUEGSW,2022/03/25
30,Bartholemy,Portwain,1991/04/07,Male,FXLJBS,2021/11/01
70,Basilius,Nurse,1970/04/09,Male,EXUSVD,2021/04/19
46,Nevile,Mayes,1980/01/07,Male,YSNQLY,2017/07/03
9,Alma,Bediss,1998/04/16,Female,YSOFOA,2022/03/24
65,Jeniece,Sciusscietto,1977/09/18,Female,ERXHXW,2021/11/16
81,Ethelin,Milillo,1981/10/29,Female,BBKUOF,2017/08/20
23,Mic,Piggin,1980/02/27,Male,YQGMYO,2018/08/30
43,Moria,Nix,1995/09/10,Female,MOCYCG,2020/05/29
9,Teodoro,Kordovani,1976/05/12,Male,FQRRLP,2020/10/23
4,Ellerey,Ovize,1974/06/07,Male,JPVZJU,2021/10/10
28,Carolus,Reoch,1992/02/01,Male,RYCYTM,2022/04/08
62,Jayne,Tribbeck,1989/10/30,Female,KTSFVZ,2018/04/23
30,Cortney,Randals,2001/01/12,Female,IGPSPF,2017/10/31
59,Sandor,Openshaw,1988/05/19,Male,LTMCJM,2021/03/14
6,Kimberly,Haitlie,1996/12/05,Female,GIDVFS,2018/09/03
91,Kristen,Knowling,1975/12/09,Female,AGMGNT,2020/01/23
44,Electra,Littlewood,1972/01/05,Female,UXGHWU,2021/01/17
48,Shurlocke,Sparks,1986/12/30,Male,DWFOBV,2019/06/08
51,Coleman,Itzik,1994/05/19,Male,WEYOCT,2018/05/25
86,Gaylor,Lowless,1969/03/20,Male,STKETM,2019/10/21
33,Zandra,Clynman,1969/08/04,Female,HHKHHL,2021/12/08
64,Renault,Cardow,1999/12/16,Male,RCOJXP,2017/11/16
101,Julianna,Roggero,1967/01/30,Female,BAIWSZ,2018/11/22
72,Scotti,Ffoulkes,1980/03/16,Male,JPXNYK,2018/11/26
89,Dominique,Dearlove,1970/07/27,Male,ZZLZVO,2017/08/28
1,Nikolia,Fealty,1998/01/09,Female,MPKCBF,2019/07/05
47,Kassandra,Yewdale,1981/11/21,Female,ITLTLA,2018/08/05
75,Curran,Praundl,1982/11/01,Male,RJFDKL,2021/03/05
55,Juliette,Cattell,1980/09/28,Female,YGYUKI,2021/05/21
49,Elisha,Schoenleiter,1990/09/03,Female,ASHUHP,2022/02/24
99,Yankee,Tinker,1995/11/02,Male,TPKTDA,2017/08/23
11,Walsh,Cockshott,1996/04/03,Male,BZZWAQ,2017/07/30
86,Rebecka,Pietranek,1985/09/11,Female,URXMIY,2020/05/22
51,Shep,Hought,1996/03/26,Male,FXKXUB,2021/02/27
47,Laurent,Guilayn,1998/11/06,Male,PPHVMX,2017/11/16
23,Conrade,Gerrets,1976/04/28,Male,LIYXHO,2020/02/12
12,Marylynne,Trusdale,1988/10/08,Female,RZKWEZ,2018/10/02
19,Der,Assante,1989/10/19,Male,DLOXNK,2018/05/13
94,Esther,Gallie,1970/03/07,Female,YDDNMY,2022/01/17
100,Kalie,Brinicombe,1968/04/05,Female,AUYEGV,2019/10/01
87,Parker,Wetter,1971/08/20,Male,UARZSU,2017/07/10
53,Gilligan,Wing,2000/01/29,Female,TOWGKZ,2019/03/29
99,Dianna,McGaugey,1976/02/27,Female,ZZNPNJ,2018/01/23
92,Andie,Lamar,1986/07/16,Male,XDHOOC,2022/02/05
17,Daniele,Borley,1972/03/14,Female,FHVWRA,2020/11/16
90,Marlon,Abeles,1983/08/17,Male,ITLTLA,2021/11/22
49,Cesaro,Rickeard,1995/05/14,Male,JGNRAX,2017/10/29
25,Glenda,Jarville,1968/09/18,Female,WEYOCT,2021/11/17
55,Jeremias,Purches,1989/04/19,Male,YQGMYO,2019/04/26
46,Reider,Rotter,1991/01/18,Male,YDDNMY,2018/02/08
51,Ludvig,Bytheway,1998/05/12,Male,TOWGKZ,2020/09/16
38,Brandice,Rourke,1992/08/17,Female,XDHOOC,2019/04/05
26,Benedick,Samuel,1969/05/02,Male,BAIWSZ,2021/05/03
12,Gratiana,Vallery,1980/11/26,Female,ERXHXW,2020/07/26
53,Nellie,Osorio,1980/06/04,Female,GMNMNT,2021/01/05
63,Riane,Kubat,1991/12/19,Female,RYCYTM,2018/10/04
70,Garret,Pearman,1966/10/23,Male,JPVZJU,2018/06/09
88,Nicoli,Tivolier,1987/11/17,Female,BZZWAQ,2017/07/18
62,Hattie,Wolfindale,1969/04/03,Female,STKETM,2022/03/06
70,Christopher,Pilpovic,1994/03/18,Male,RZKWEZ,2019/08/10
57,Alyson,Borrel,1966/10/08,Female,LTMCJM,2018/09/23
26,Vail,Eldridge,1973/09/02,Male,FXKXUB,2018/08/15
17,Eachelle,Hassell,1989/11/14,Female,XEDFDC,2018/02/06
96,Osborne,Sollon,1966/03/12,Male,HHKHHL,2021/04/14
67,Vergil,Paty,1970/04/22,Male,AUYEGV,2021/03/20
9,Denise,Thormwell,2000/05/24,Female,RCOJXP,2017/07/03
71,Elsie,Gustus,1984/11/18,Female,KTSFVZ,2020/10/07
22,Nealson,Edison,1972/09/15,Male,DLOXNK,2019/04/23
23,Louella,Maffini,1978/02/10,Female,PPHVMX,2019/03/11
39,Coraline,Tort,1977/08/16,Female,OUEGSW,2021/04/12
49,Amandy,Niese,1971/07/14,Female,LIYXHO,2019/07/04
19,Barris,Linscott,1984/08/09,Male,IGPSPF,2021/08/01
80,Iona,Flear,1981/08/24,Female,TPKTDA,2019/06/16
51,Abba,Douglass,1996/05/21,Male,FHVWRA,2018/10/31
5,Nial,Cowles,1980/08/23,Male,AGMGNT,2021/09/12
93,Rouvin,Cleobury,2002/05/02,Male,FQRRLP,2018/08/07
65,Gav,Jirus,1984/11/24,Male,ZZNPNJ,2019/09/20
46,Harlan,Nestor,1972/12/02,Male,MPKCBF,2020/03/12
12,Nickie,Daniels,1984/09/27,Male,DWFOBV,2020/08/21
81,Siffre,Shorton,1998/08/03,Male,YSNQLY,2021/04/12
89,Martita,Baseke,2002/01/06,Female,URXMIY,2020/12/04
92,Erma,Pocock,2001/04/16,Female,ZZLZVO,2019/04/09
45,Valeria,Byrcher,1966/04/29,Female,YSOFOA,2018/07/27
55,Odelle,Joselovitch,1991/08/05,Female,MOCYCG,2019/04/08
5,Carmon,Avrahamov,1967/06/04,Female,JPXNYK,2018/12/04
47,Cal,Stearn,1966/10/09,Male,YGYUKI,2022/03/19
89,Tomas,Asmus,1996/02/12,Male,ASHUHP,2021/11/12
31,Jan,O'Caine,1967/09/07,Female,EXUSVD,2022/03/06
83,Maud,Garforth,1972/08/17,Female,SUDXLJ,2019/03/13
47,Conny,Leahair,1975/05/27,Male,BBKUOF,2021/01/13
40,Debee,Bradbrook,1985/09/04,Female,UXGHWU,2017/08/17
24,Winny,Dorman,1976/06/23,Female,FXLJBS,2021/10/07
17,Evanne,Sweynson,1997/11/07,Female,UARZSU,2019/12/29
39,Nikolos,Hucker,1985/03/19,Male,GIDVFS,2021/10/10
34,Yasmin,Bonifas,1989/08/31,Female,RJFDKL,2021/07/20
91,Maximilian,Cuppleditch,1978/05/11,Male,DWFOBV,2018/06/08
45,Dian,Swett,1990/03/22,Female,TOWGKZ,2019/08/09
37,Roobbie,Craker,1989/02/06,Female,IGPSPF,2021/04/12
73,Herc,Hadaway,1972/04/05,Male,MOCYCG,2021/12/23
48,Frank,Hotson,1976/07/08,Female,RJFDKL,2020/04/06
65,Lezlie,Dundendale,1998/08/05,Female,PPHVMX,2022/05/06
29,Roslyn,Ogan,2002/05/31,Female,URXMIY,2020/07/28
98,Dawna,Sabey,1989/01/30,Female,ASHUHP,2019/06/06
38,Katine,Bethell,1992/11/09,Female,YQGMYO,2017/08/22
92,Chev,Leel,1972/05/10,Male,LTMCJM,2019/10/12
45,Kylie,Jeremaes,1968/01/29,Male,JPXNYK,2022/04/11
95,Arlan,McCurrie,1999/06/12,Male,UARZSU,2022/04/07
58,Wilton,Dines,1999/04/03,Male,JGNRAX,2017/06/13
72,Zia,Caren,1981/11/11,Female,WEYOCT,2021/10/30
97,Elaina,Perham,1972/01/03,Female,HHKHHL,2021/11/28
2,Indira,Bentson,1970/02/11,Female,STKETM,2019/09/03
59,Reginauld,Visco,1989/10/22,Male,LIYXHO,2018/03/02
61,April,Woosnam,1997/07/27,Female,EXUSVD,2019/06/01
15,Wallie,Dowyer,1993/11/11,Male,OUEGSW,2019/02/08
16,Annalee,Pittendreigh,2002/03/19,Female,ZZLZVO,2019/01/31
39,Gibb,Senner,1978/05/06,Male,BAIWSZ,2018/06/26
13,Banky,Sposito,1994/03/20,Male,GMNMNT,2020/03/31
62,Con,Dinnington,1999/09/06,Female,FXKXUB,2021/11/23
63,Dion,Frodsam,1987/11/15,Female,ZZNPNJ,2019/05/02
44,Ashby,Disbrow,2001/09/01,Male,JPVZJU,2019/11/27
59,Elysha,Dulen,1987/10/01,Female,RCOJXP,2018/04/20
41,Antonietta,Wallsworth,1982/04/19,Female,MPKCBF,2019/05/12
74,Ken,Dobrovolski,1991/12/22,Male,KTSFVZ,2020/03/11
90,Ancell,Danskine,1993/11/02,Male,YSOFOA,2019/03/21
83,Melisenda,Wozencroft,1972/11/11,Female,GIDVFS,2021/12/23
67,Susi,Di Ruggiero,1980/03/17,Female,RZKWEZ,2021/01/16
85,Sauncho,Nockells,1966/10/11,Male,FHVWRA,2021/05/30
47,Gabi,Lipmann,2000/02/11,Male,FQRRLP,2021/07/18
76,Carlen,Forkan,1966/07/09,Female,TPKTDA,2021/11/18
57,Otis,Pavett,1998/05/08,Male,DLOXNK,2018/02/14
43,Cahra,Burnep,1997/09/05,Female,ERXHXW,2020/09/30
43,Shae,Keely,1998/04/20,Female,YDDNMY,2020/07/27
5,Vick,Thornewill,1987/09/26,Male,AUYEGV,2021/10/05
63,Gaultiero,Myrie,1998/11/16,Male,AGMGNT,2019/09/10
82,Leisha,Mounch,1989/10/31,Female,XEDFDC,2019/10/21
22,Lance,Quene,1988/06/04,Male,RYCYTM,2020/10/06
53,Babita,Vann,1997/01/07,Female,ITLTLA,2021/11/26
90,Bernie,Stephenson,1979/02/23,Male,UXGHWU,2019/04/13
47,Margalit,Gleadhall,1978/02/04,Female,YGYUKI,2021/05/28
73,Myrwyn,Blewmen,1997/09/11,Male,SUDXLJ,2022/05/02
83,Darill,Feldberg,1968/01/24,Male,BZZWAQ,2022/05/20
65,Josephine,Ratter,1992/11/12,Female,YSNQLY,2020/02/23
22,Uta,Gwillym,1988/03/22,Female,BBKUOF,2019/10/08
27,Mariel,Sidgwick,1995/09/10,Female,FXLJBS,2021/11/23
25,Fiona,MacNeachtain,1998/01/14,Female,XDHOOC,2020/02/14
67,Clyde,Labell,1972/08/09,Male,FXLJBS,2018/07/21
17,Flem,Walden,1992/06/23,Male,LTMCJM,2022/03/27
6,Howey,Padbery,1978/03/31,Male,STKETM,2018/12/10
25,Giraud,Snowling,1969/09/06,Male,BAIWSZ,2018/04/22
18,Josepha,Percifull,1978/01/10,Female,URXMIY,2018/10/17
27,Dianna,Blasiak,1989/02/20,Female,JPXNYK,2017/11/08
23,Suzann,Willimot,1985/11/10,Female,GMNMNT,2019/12/04
25,Denys,Aymeric,1986/05/25,Male,IGPSPF,2019/07/18
35,Konstantin,Sabbatier,2000/01/06,Male,RCOJXP,2021/01/22
25,Zola,O'Cannovane,1966/06/13,Female,GIDVFS,2022/03/02
14,Meta,Kearton,2001/08/05,Female,RYCYTM,2018/06/02
93,Kahlil,Shickle,1985/04/12,Male,MPKCBF,2017/07/13
86,Jazmin,Managh,1967/08/09,Female,JPVZJU,2019/10/05
84,Kittie,Elacoate,1970/10/04,Female,TPKTDA,2021/02/28
28,Forrest,Lamlin,1973/03/02,Male,XEDFDC,2021/04/12
84,Angelica,Gerrell,1975/08/07,Female,RZKWEZ,2019/04/28
43,Krisha,Blant,1981/01/30,Male,FXKXUB,2019/04/03
77,Merrile,Danahar,1978/07/23,Female,UARZSU,2020/12/05
12,Riley,Rickesies,1967/06/03,Male,MOCYCG,2021/10/14
10,Eal,Caird,1999/09/25,Male,ITLTLA,2018/03/27
17,Aline,Mix,2001/06/18,Female,OUEGSW,2022/01/23
57,Kris,Niven,1986/08/27,Female,HHKHHL,2019/12/18
93,Elton,Epine,1980/10/20,Male,BBKUOF,2020/04/11
56,Alley,Petyt,1970/11/14,Male,FHVWRA,2017/11/09
84,Britt,Lattie,1998/05/31,Male,EXUSVD,2022/03/23
36,Ewan,Peyes,1972/08/24,Male,WEYOCT,2020/11/27
41,Lindsay,Ralfe,1974/12/11,Female,AUYEGV,2019/09/21
16,Base,Deadman,1975/12/26,Male,KTSFVZ,2018/06/29
85,Debbie,Outram,1985/02/21,Female,SUDXLJ,2020/12/29
24,Carlin,Jirak,1971/05/07,Female,LIYXHO,2017/09/06
26,Austin,Ohanessian,1993/12/04,Female,ASHUHP,2019/05/15
34,Jonah,Felgat,1984/06/15,Male,TOWGKZ,2017/10/12
85,Vivien,Pigot,1985/11/05,Female,DWFOBV,2022/03/10
25,Kathrine,Dineen,1997/10/31,Female,YSOFOA,2017/06/22
89,Karlik,Kassel,1986/12/13,Male,DLOXNK,2020/12/22
54,Currie,Dawber,1993/01/10,Male,ZZNPNJ,2020/08/26
61,Pyotr,Habershaw,1984/12/28,Male,YDDNMY,2022/02/24
44,Garvey,de Tocqueville,1997/11/25,Male,YGYUKI,2021/12/22
57,Simona,Doulton,1992/07/12,Female,FQRRLP,2022/05/12
18,Rosalie,Lavalde,1976/07/17,Female,AGMGNT,2017/12/14
34,Temple,Freezer,1993/01/02,Male,PPHVMX,2019/09/25
7,Winona,Kirlin,1970/08/04,Female,UXGHWU,2022/01/26
13,Vern,Dennert,1994/12/14,Male,ZZLZVO,2018/01/12
82,Lavinia,Hance,1997/11/24,Female,JGNRAX,2020/05/03
39,Brena,Mouatt,1968/01/26,Female,YSNQLY,2021/02/24
59,Grace,Lamyman,1989/08/10,Female,RJFDKL,2017/07/13
71,Garrard,Snook,2001/01/10,Male,ERXHXW,2019/06/16
34,Randolf,Cattach,1997/02/02,Male,YQGMYO,2017/07/04
26,Temp,Mullin,1989/11/01,Male,XDHOOC,2017/11/20
84,Rickie,Dessaur,1994/12/25,Male,BZZWAQ,2020/12/15
44,Rozamond,Robbel,1973/03/10,Female,RJFDKL,2022/03/14
2,Adria,Mowling,1979/08/09,Female,DLOXNK,2021/10/31
91,Anthony,Picopp,1972/02/04,Male,GIDVFS,2019/04/14
68,Gladys,Tidbald,1967/04/25,Female,DWFOBV,2020/02/12
86,Gabriell,Hurleston,1987/06/28,Female,ZZNPNJ,2021/02/15
22,Fanechka,Bufton,1967/07/29,Female,LIYXHO,2019/06/30
11,Tomlin,Darton,2001/10/13,Male,XEDFDC,2017/10/31
87,Wrennie,Mansell,1981/08/24,Female,YQGMYO,2020/06/29
88,De,Trayton,1968/11/02,Female,HHKHHL,2020/01/02
95,Marty,Baiden,1975/07/01,Female,FQRRLP,2021/09/15
21,Nobe,Limrick,1988/12/02,Male,ERXHXW,2018/08/29
30,Rosanne,Greeson,1989/08/28,Female,AUYEGV,2017/08/19
4,Griffin,Hurlston,1967/05/20,Male,YSOFOA,2020/11/25
72,Keslie,Bardnam,1991/05/17,Female,UXGHWU,2018/10/18
42,Darcey,Capstack,1976/04/04,Female,GMNMNT,2018/04/13
22,Pincus,Ghidoli,1990/01/26,Male,WEYOCT,2017/06/04
4,Maible,Macer,2002/02/09,Female,URXMIY,2020/03/11
85,Josephine,Erickson,1971/02/16,Female,OUEGSW,2019/05/26
46,Georgina,Tither,1998/12/06,Female,KTSFVZ,2018/07/14
10,Alonso,Dalton,1992/02/13,Male,UARZSU,2020/11/21
78,Ronni,Janauschek,1999/08/09,Female,MOCYCG,2021/06/14
23,Cull,Szreter,1969/11/03,Male,IGPSPF,2017/07/01
89,Dion,Muckley,1997/06/13,Male,MPKCBF,2018/06/30
98,Christalle,Ondrousek,1966/11/10,Female,SUDXLJ,2020/09/27
78,Brander,Kienzle,1989/04/28,Male,BZZWAQ,2020/11/13
25,Gorden,Woollett,1966/08/07,Male,STKETM,2017/11/28
39,Kiele,Dimond,2000/09/28,Female,FXKXUB,2019/02/21
54,Sven,Giffkins,1975/07/02,Male,RCOJXP,2022/05/03
31,Cortie,Buzine,1987/10/16,Male,ITLTLA,2017/11/11
76,Isac,Kennsley,1996/08/28,Male,JGNRAX,2017/07/25
91,Obadiah,Leitch,1966/10/08,Male,TOWGKZ,2017/09/15
62,Yvette,Mapplethorpe,1976/09/28,Female,FXLJBS,2021/03/24
50,Konstance,Tolomelli,2001/09/15,Female,YDDNMY,2018/02/27
51,Antonio,Beeston,1993/10/20,Male,FHVWRA,2020/07/02
25,Stevie,Galton,1987/04/30,Male,YSNQLY,2019/08/22
55,Rutherford,Fedynski,1976/01/27,Male,ASHUHP,2017/08/13
66,Druci,Corcut,1992/01/23,Female,TPKTDA,2018/10/06
51,Editha,Hitschke,1989/02/26,Female,AGMGNT,2019/03/17
101,Richmond,Froude,1979/10/08,Male,XDHOOC,2017/11/11
95,Wadsworth,Gleeton,2000/05/01,Male,LTMCJM,2022/01/13
49,Wes,Turneaux,1998/09/29,Male,BBKUOF,2022/05/11
7,Torrance,Way,1965/12/30,Male,YGYUKI,2018/09/08
85,Kettie,Pizzie,1982/08/30,Female,ZZLZVO,2018/12/04
58,Egon,Scarf,1969/05/05,Male,JPXNYK,2021/08/28
37,Candice,Shrieves,1995/12/06,Female,PPHVMX,2017/08/02
77,Charissa,Balser,1979/06/06,Female,RYCYTM,2018/02/08
89,Kellby,Cheston,1968/10/09,Male,JPVZJU,2018/03/26
14,Nanny,Klimkin,1985/04/04,Female,RZKWEZ,2018/07/09
62,Mozelle,Umpleby,1998/08/24,Female,EXUSVD,2020/08/15
58,Herc,Penman,1996/03/09,Male,BAIWSZ,2017/12/30
79,Terrijo,Eaglen,2002/01/06,Female,FHVWRA,2017/06/24
69,Wyatt,Tosney,1999/02/02,Male,FXLJBS,2018/08/06
49,Claudius,Labbett,1983/10/31,Male,XEDFDC,2018/08/22
75,Roxine,Caswell,1971/08/23,Female,GMNMNT,2021/08/14
13,Paolo,Letteresse,1981/09/17,Male,BAIWSZ,2022/03/19
79,Glynda,Moncreiff,1994/05/10,Female,YSOFOA,2021/03/15
33,Burlie,Charlon,1970/08/20,Male,ERXHXW,2018/12/06
6,Karia,Georgelin,1992/05/03,Female,OUEGSW,2020/10/06
83,Blithe,Schops,1977/01/23,Female,YDDNMY,2020/01/24
1,Chelsey,Cardow,1971/08/25,Female,JPXNYK,2020/08/19
24,Reynard,Woloschinski,1978/11/29,Male,UARZSU,2021/11/08
66,Culver,Sigg,1992/10/21,Male,HHKHHL,2021/06/20
85,Hazel,Blincow,1966/06/05,Male,ZZLZVO,2019/05/08
27,Marchall,Ham,1988/03/04,Male,RCOJXP,2019/05/31
61,Mindy,Vina,1996/05/09,Female,DLOXNK,2018/03/16
69,Crawford,Kittley,1977/09/14,Male,EXUSVD,2019/10/29
74,Colet,Gierck,1988/09/23,Male,MOCYCG,2021/07/23
56,Clifford,Maybury,1995/03/08,Male,BBKUOF,2020/11/19
54,Carney,Maguire,1988/05/28,Male,WEYOCT,2017/10/21
66,Kaleena,Rudgerd,1977/06/29,Female,STKETM,2019/09/01
48,Zsa zsa,Rattry,1985/08/22,Female,SUDXLJ,2018/12/21
81,Clayson,Easby,1999/04/08,Male,TOWGKZ,2021/05/03
46,Beck,Gotliffe,1965/10/08,Male,RYCYTM,2017/12/11
93,Joy,Drennan,1983/06/05,Female,TPKTDA,2021/03/19
48,Kip,Petrushkevich,1965/08/24,Male,LTMCJM,2021/06/11
25,Evin,Robeiro,1999/11/06,Male,ITLTLA,2020/02/19
29,Aleda,Wooster,1982/08/07,Female,AUYEGV,2020/05/15
65,Dalli,Couzens,1981/08/07,Male,JGNRAX,2021/05/16
34,Sully,Simenel,1967/09/09,Male,DWFOBV,2022/01/03
94,Dorelia,Dreghorn,1999/08/29,Female,YSNQLY,2021/07/14
88,Darcie,Antrag,1970/05/31,Female,IGPSPF,2019/10/02
79,Shae,Gartside,1986/11/19,Male,RJFDKL,2018/05/03
1,Linc,Bryde,1967/11/20,Male,GIDVFS,2018/06/02
96,Glen,Covil,1990/02/06,Female,FXKXUB,2020/12/10
13,Reggie,Corby,1990/01/21,Female,BZZWAQ,2017/09/25
38,Aurelie,Selwyn,1966/06/07,Female,XDHOOC,2018/08/31
16,Ann-marie,Lotte,1966/01/11,Female,YGYUKI,2020/06/18
46,West,Ralston,1992/09/05,Male,URXMIY,2022/05/10
35,Shelia,Hurlin,1992/10/01,Female,RZKWEZ,2022/02/03
78,Jacinda,Lympenie,1997/03/10,Female,ASHUHP,2021/11/29
31,Danella,Luipold,1973/01/03,Female,KTSFVZ,2021/04/28
27,Dyana,Dine-Hart,1970/06/30,Female,FQRRLP,2021/05/01
71,Gigi,Vivians,1974/01/30,Female,YQGMYO,2020/08/29
22,Ram,Essame,1984/10/05,Male,MPKCBF,2018/09/29
73,Irving,Felgate,1990/01/14,Male,ZZNPNJ,2022/05/20
81,Deane,Boosey,1968/05/08,Male,JPVZJU,2021/05/03
68,Shaine,Jude,1974/08/28,Female,UXGHWU,2017/09/04
25,Ulrike,Rudolf,1968/08/09,Female,LIYXHO,2020/12/19
66,Shandeigh,Cripps,1992/10/11,Female,AGMGNT,2018/07/23
39,Hedi,Thaxton,1998/07/20,Female,PPHVMX,2021/09/02
13,Othilie,Sennett,2001/04/12,Female,RZKWEZ,2021/01/18
6,Phylys,Perrygo,1980/08/30,Female,FHVWRA,2020/11/04
6,Sullivan,Doleman,1969/06/26,Male,ASHUHP,2018/05/03
74,Dena,Lough,1966/01/27,Female,EXUSVD,2020/12/08
36,Linnea,Samber,1987/05/19,Female,DWFOBV,2020/06/29
48,Lilah,Rawsthorne,1975/06/03,Female,STKETM,2020/03/27
23,Corbet,Terrill,1994/03/29,Male,XDHOOC,2018/04/10
94,Roana,Yeo,1989/04/16,Female,ITLTLA,2022/05/13
26,Denney,Hazle,1994/03/25,Male,JPXNYK,2017/09/19
17,Morton,Kowalski,1995/05/16,Male,TPKTDA,2018/12/14
96,Wilow,Trahearn,1987/10/25,Female,LIYXHO,2017/08/30
75,Halette,Summerlie,1991/03/10,Female,MPKCBF,2019/04/06
81,Hector,Edmondson,1971/09/16,Male,JPVZJU,2021/06/17
94,Nikolai,MacTrusty,1967/08/04,Male,YSNQLY,2021/06/27
21,Sophia,Boydle,1969/03/11,Female,DLOXNK,2021/01/22
91,Cris,Lyndon,1970/06/09,Female,YSOFOA,2019/10/11
15,Andromache,Dymott,1994/05/29,Female,UARZSU,2017/10/17
101,Sean,Furmagier,1978/07/03,Male,GMNMNT,2017/08/25
94,Kelwin,Goligly,1989/04/11,Male,ERXHXW,2020/11/01
62,Kevan,Qusklay,1991/05/10,Male,RYCYTM,2018/12/21
79,Carmine,Asplen,1998/01/24,Male,KTSFVZ,2021/10/03
78,Artie,Fludgate,1981/12/10,Male,RJFDKL,2022/01/16
66,Pietro,Riddel,1969/03/11,Male,ZZNPNJ,2020/01/10
39,Swen,Lesley,1986/08/08,Male,GIDVFS,2020/06/30
69,Chancey,Chopy,1998/01/12,Male,YGYUKI,2018/03/29
28,Monica,Claasen,1990/09/14,Female,AUYEGV,2021/09/02
26,Broderick,Truder,2002/01/07,Male,BZZWAQ,2021/03/29
7,Candy,Hatto,1993/06/16,Female,JGNRAX,2020/09/27
39,Kelly,Willeson,1992/11/23,Male,WEYOCT,2021/09/17
76,Washington,Giraudel,1997/11/21,Male,ZZLZVO,2018/07/03
98,Celia,Castellaccio,1980/05/22,Female,URXMIY,2020/10/18
56,Katee,Antowski,1974/08/07,Female,UXGHWU,2019/06/12
85,Jody,Ferne,2001/05/16,Female,TOWGKZ,2017/10/01
17,Prisca,Gooly,1975/07/05,Female,FQRRLP,2017/08/07
52,Galven,Handrek,1982/12/13,Male,MOCYCG,2017/12/24
32,Celestia,Edmead,1972/08/23,Female,XEDFDC,2019/11/23
92,Alena,Ludmann,1997/05/12,Female,YQGMYO,2021/12/24
56,Huntington,Olijve,1985/12/12,Male,AGMGNT,2017/07/12
57,Sutton,Buttery,1979/08/05,Male,SUDXLJ,2018/08/30
1,Hetti,Menichillo,1995/04/11,Female,FXKXUB,2021/08/23
19,Erena,Akester,1969/06/19,Female,IGPSPF,2020/07/26
101,Alysa,Colman,1978/09/17,Female,RCOJXP,2017/08/07
48,Marion,Stanworth,1968/02/26,Male,HHKHHL,2019/01/19
86,Hunt,Stair,1982/07/06,Male,YDDNMY,2022/05/10
96,Blisse,Gircke,1984/04/22,Female,BAIWSZ,2020/02/23
50,Hobie,Plumbe,1998/12/22,Male,PPHVMX,2020/02/03
76,Randolph,Tompkiss,1974/12/11,Male,OUEGSW,2021/10/13
43,Griz,Duffett,1988/10/09,Male,BBKUOF,2021/07/10
15,Stephana,Joules,1981/11/28,Female,LTMCJM,2021/07/13
91,Moshe,Groocock,1969/09/14,Male,FXLJBS,2018/11/26
1,My,Altree,1990/03/19,Male,DLOXNK,2018/12/06
69,Hasty,Basnett,1997/11/06,Male,MPKCBF,2021/05/01
17,Rafi,Krollman,1988/03/01,Male,ZZNPNJ,2017/10/16
33,Shandy,Coad,1970/06/27,Female,YGYUKI,2021/11/25
22,Reade,Americi,1998/07/03,Male,MOCYCG,2018/06/24
53,Alfie,Peskett,1986/09/13,Male,JPVZJU,2021/08/31
61,Babara,Michelmore,1976/12/31,Female,GMNMNT,2022/01/27
4,Julita,Glandfield,1990/11/22,Female,STKETM,2021/01/17
52,Emery,Dearl,1967/07/26,Male,FHVWRA,2020/09/22
45,Tracey,Greenin,1997/08/19,Male,KTSFVZ,2019/06/08
98,Hanni,Gillet,1977/07/07,Female,YSNQLY,2022/02/27
90,Jedidiah,Tetford,1979/01/29,Male,ERXHXW,2020/12/11
61,Carina,Damrell,1970/06/06,Female,ZZLZVO,2019/01/19
17,Marena,Chorley,1986/06/07,Female,DWFOBV,2020/01/13
93,Doll,Thibodeaux,1977/03/03,Female,PPHVMX,2021/04/20
75,Dani,Dare,2000/06/09,Male,BAIWSZ,2020/01/13
16,Edmund,Burleton,1991/02/23,Male,BZZWAQ,2021/12/18
62,Ailis,Di Bernardo,2002/05/21,Female,BBKUOF,2020/10/25
85,Elspeth,Horsley,1989/05/30,Female,ASHUHP,2017/10/27
43,Orsola,Fowles,2000/05/19,Female,RYCYTM,2017/09/09
38,Aime,Kilgallen,1979/02/23,Female,XEDFDC,2018/06/03
48,Danella,Josilevich,2000/11/29,Female,UXGHWU,2018/06/05
21,Hermine,Buckles,1984/02/22,Female,FXKXUB,2019/07/16
47,Deeann,McBlain,1992/01/06,Female,TOWGKZ,2019/03/02
12,Felizio,Begbie,1992/08/10,Male,LIYXHO,2019/08/13
87,Dore,Jessup,1987/03/03,Female,ITLTLA,2018/10/21
42,Roda,Essel,1999/12/21,Female,YDDNMY,2022/03/21
95,Madella,Kingswold,1978/12/04,Female,JPXNYK,2020/10/21
38,Rosy,Cossam,2001/12/28,Female,LTMCJM,2022/02/07
33,Staford,Lacoste,1975/06/12,Male,EXUSVD,2018/11/02
5,Zondra,Heritege,1984/06/19,Female,AUYEGV,2020/08/03
83,Tabby,Siman,1979/06/06,Male,GIDVFS,2018/03/21
53,Genevra,Pantry,2001/04/20,Female,IGPSPF,2020/12/25
99,Trent,Vandenhoff,1972/10/02,Male,FQRRLP,2017/11/20
22,Dew,Pohls,1991/01/16,Male,UARZSU,2020/12/16
66,Garrick,Corre,1989/11/26,Male,HHKHHL,2020/06/06
93,Prentice,Axton,2000/01/07,Male,URXMIY,2021/07/08
9,Aleece,Ong,1972/11/24,Female,JGNRAX,2020/09/11
72,Lilah,Toffanini,1967/04/22,Female,TPKTDA,2020/09/27
12,Estell,Jeanneau,1976/11/26,Female,AGMGNT,2019/03/06
66,Lizette,Oppie,1978/05/15,Female,RCOJXP,2020/02/21
10,Isak,Pickering,1968/03/13,Male,WEYOCT,2018/03/13
41,Josee,Birdwistle,1984/06/18,Female,RZKWEZ,2017/10/26
18,Anni,Weaving,1985/01/01,Female,RJFDKL,2018/01/11
94,Craggy,Klimov,1970/01/20,Male,SUDXLJ,2021/03/10
97,Ellene,Bentall,1965/08/10,Female,YSOFOA,2017/08/17
4,Stace,Davidovic,1987/01/23,Female,FXLJBS,2018/10/12
59,Rosemarie,MacPaike,1994/12/26,Female,YQGMYO,2019/10/21
57,Yurik,Lutz,1982/04/15,Male,OUEGSW,2020/02/23
72,Lyell,Areles,1985/11/28,Male,XDHOOC,2020/07/13
98,Merry,McRamsey,1967/08/01,Male,ZZNPNJ,2019/10/03
74,Dosi,Kiff,1995/04/07,Female,MPKCBF,2018/02/12
14,Drusy,Saville,1966/03/01,Female,YSNQLY,2021/08/09
14,Ferdinand,Mustin,1977/09/26,Male,JPVZJU,2018/02/08
66,Omar,Boyland,1990/10/28,Male,RZKWEZ,2019/11/22
90,Vasili,Crummy,1979/04/01,Male,RYCYTM,2021/08/01
69,Doro,Pinnion,1987/05/03,Female,DWFOBV,2021/09/20
33,Lenette,Houldey,1968/10/17,Female,AUYEGV,2020/03/25
11,Urbain,Vickress,1983/11/22,Male,FXLJBS,2019/09/25
52,Norbert,Sonley,2001/07/12,Male,ZZLZVO,2017/10/29
16,Ailyn,Giovanardi,1982/04/12,Female,ASHUHP,2017/12/20
35,Reinold,Reece,1986/10/02,Male,XDHOOC,2017/06/08
1,Hayward,Godsil,1989/10/24,Male,YSOFOA,2019/03/03
32,Albie,Blumer,1998/09/23,Male,LTMCJM,2019/08/30
60,Thorndike,Linner,1981/08/17,Male,RJFDKL,2022/01/24
1,Tully,Valentinuzzi,2001/05/30,Male,GIDVFS,2022/01/17
1,Blondell,Weatherhill,1965/06/10,Female,OUEGSW,2020/08/26
96,Ida,Barnsley,1968/04/12,Female,FQRRLP,2017/11/05
22,Elke,Helbeck,1969/10/04,Female,ITLTLA,2018/05/20
40,Manfred,Ryce,1990/12/04,Male,TPKTDA,2018/03/30
25,Xymenes,Vannet,1967/11/10,Male,PPHVMX,2021/12/06
34,Northrup,Christall,2001/02/27,Male,KTSFVZ,2021/04/04
44,Carlynne,Odeson,1995/04/26,Female,GMNMNT,2021/08/28
83,Alfy,Jackalin,1987/02/28,Female,YGYUKI,2020/11/18
94,Hadley,Casotti,1981/05/20,Male,MOCYCG,2019/12/02
55,Cori,Raithbie,1976/05/13,Female,XEDFDC,2017/12/08
87,Carlina,Furzer,1979/09/19,Female,HHKHHL,2017/12/08
55,Tull,Marchello,1999/07/07,Male,ERXHXW,2019/05/07
62,Gibbie,Spiby,1977/03/30,Male,AGMGNT,2018/12/31
10,Maxwell,Littlemore,1996/04/12,Male,WEYOCT,2017/09/24
23,Salvidor,Chastney,2000/11/11,Male,BZZWAQ,2020/07/28
17,Ricoriki,Robilart,1997/04/18,Male,UARZSU,2017/09/29
98,Teresina,le Keux,1970/07/15,Female,BAIWSZ,2020/08/27
84,Wright,Bard,1980/09/01,Male,JPXNYK,2018/10/21
69,Delcina,Futcher,1988/12/04,Female,FHVWRA,2019/04/17
94,Cob,Campana,1972/03/27,Male,YDDNMY,2021/02/14
70,Rhys,Quadri,2000/09/27,Male,IGPSPF,2019/02/10
44,Zeb,Jancik,1983/05/11,Male,LIYXHO,2017/09/07
20,Craggy,Adriaan,1966/09/14,Male,TOWGKZ,2021/06/29
6,Dalston,Flewan,1971/05/27,Male,STKETM,2018/08/28
71,Ansel,Sparkwill,1965/10/28,Male,JGNRAX,2020/05/24
25,Obadias,Mosconi,1999/02/26,Male,URXMIY,2021/02/05
47,Darrelle,O'Cahill,1978/02/10,Female,FXKXUB,2022/05/28
97,Barbabas,O'Sirin,2000/06/14,Male,YQGMYO,2019/10/13
76,Georgy,Eden,2001/03/26,Male,BBKUOF,2021/09/22
82,Lyndsay,Jovicevic,1975/12/17,Female,DLOXNK,2019/10/15
77,Edouard,Ashenhurst,1983/02/24,Male,RCOJXP,2018/11/05
47,Tobie,Sandifer,1989/03/08,Male,UXGHWU,2018/07/07
98,Rozelle,Westby,2001/09/27,Female,EXUSVD,2021/10/07
1,Melicent,Hymas,1999/11/16,Female,SUDXLJ,2018/03/16
